{
  "apps/web/vite.config.ts": 1775888605.2369454,
  "apps/web/src/main.tsx": 1775888605.2351594,
  "apps/web/src/routeTree.gen.ts": 1775888605.2352753,
  "apps/web/src/contexts/AuthContext.tsx": 1775888605.2347279,
  "apps/web/src/contexts/WalletContext.tsx": 1775888605.2348104,
  "apps/web/src/components/WalletButton.tsx": 1775888605.2280283,
  "apps/web/src/components/theme-provider.tsx": 1775888605.2320638,
  "apps/web/src/components/Leaderboard.tsx": 1775888605.2261302,
  "apps/web/src/components/FeaturesParallax.tsx": 1775888605.2257032,
  "apps/web/src/components/PriceChart.tsx": 1775888605.2265918,
  "apps/web/src/components/FeedCard.tsx": 1775888605.2258494,
  "apps/web/src/components/UserProfile.tsx": 1775888605.227952,
  "apps/web/src/components/loader.tsx": 1775888605.2319179,
  "apps/web/src/components/DesktopSidebar.tsx": 1775888605.2255507,
  "apps/web/src/components/RedCircleTimeline.tsx": 1775888605.227002,
  "apps/web/src/components/TransactionsPanel.tsx": 1775888605.2278674,
  "apps/web/src/components/RedCircleCards.tsx": 1775888605.2268946,
  "apps/web/src/components/SearchBar.tsx": 1775888605.227238,
  "apps/web/src/components/MobileNav.tsx": 1775888605.2262146,
  "apps/web/src/components/ComingSoon.tsx": 1775888605.2254622,
  "apps/web/src/components/TradingModal.tsx": 1775888605.2277503,
  "apps/web/src/components/LaunchPanel.tsx": 1775888605.225962,
  "apps/web/src/components/mode-toggle.tsx": 1775888605.2319965,
  "apps/web/src/components/ProfilePanel.tsx": 1775888605.226746,
  "apps/web/src/components/RedditFeed.tsx": 1775888605.2271376,
  "apps/web/src/components/StaggeredMenu.tsx": 1775888605.227618,
  "apps/web/src/components/ui/world-map.tsx": 1775888605.2346003,
  "apps/web/src/components/ui/card.tsx": 1775888605.232467,
  "apps/web/src/components/ui/label.tsx": 1775888605.2329412,
  "apps/web/src/components/ui/sonner.tsx": 1775888605.2341828,
  "apps/web/src/components/ui/world-map-demo.tsx": 1775888605.2344735,
  "apps/web/src/components/ui/testimonials.tsx": 1775888605.2343223,
  "apps/web/src/components/ui/timeline.tsx": 1775888605.2344034,
  "apps/web/src/components/ui/animated-footer.tsx": 1775888605.2322505,
  "apps/web/src/components/ui/sign-in.tsx": 1775888605.2336993,
  "apps/web/src/components/ui/background-paths.tsx": 1775888605.2323213,
  "apps/web/src/components/ui/button.tsx": 1775888605.2324011,
  "apps/web/src/components/ui/checkbox.tsx": 1775888605.2325327,
  "apps/web/src/components/ui/dropdown-menu.tsx": 1775888605.232666,
  "apps/web/src/components/ui/glass-card.tsx": 1775888605.2328048,
  "apps/web/src/components/ui/input.tsx": 1775888605.2328737,
  "apps/web/src/components/ui/skeleton.tsx": 1775888605.233958,
  "apps/web/src/components/ui/skeletons/FeedSkeleton.tsx": 1775888605.2341,
  "apps/web/src/components/Navbar/index.tsx": 1775888605.2264445,
  "apps/web/src/lib/utils.ts": 1775888605.2350967,
  "apps/web/src/lib/auth.ts": 1775888605.2350328,
  "apps/web/src/routes/index.tsx": 1775888605.2357767,
  "apps/web/src/routes/__root.tsx": 1775888605.2353895,
  "apps/web/src/routes/leaderboard.tsx": 1775888605.2359636,
  "apps/web/src/routes/terms.tsx": 1775888605.236413,
  "apps/web/src/routes/feed.tsx": 1775888605.2356477,
  "apps/web/src/routes/dashboard.tsx": 1775888605.2354612,
  "apps/web/src/routes/transactions.tsx": 1775888605.2366312,
  "apps/web/src/routes/home.tsx": 1775888605.2357159,
  "apps/web/src/routes/profile.tsx": 1775888605.236154,
  "apps/web/src/routes/privacy.tsx": 1775888605.2360907,
  "apps/web/src/routes/launch.tsx": 1775888605.2358985,
  "apps/web/src/routes/signin.tsx": 1775888605.2362852,
  "apps/server/tsdown.config.ts": 1775888605.224821,
  "apps/server/drizzle.config.ts": 1775888605.2199593,
  "apps/server/src/index.ts": 1775888605.2227247,
  "apps/server/src/middleware/auth.ts": 1775888605.2228527,
  "apps/server/src/config/reddit-oauth-simple.ts": 1775888605.220343,
  "apps/server/src/db/index.ts": 1775888605.220477,
  "apps/server/src/db/schema/holdings.ts": 1775888605.2219434,
  "apps/server/src/db/schema/price-history.ts": 1775888605.2222075,
  "apps/server/src/db/schema/posts.ts": 1775888605.2221205,
  "apps/server/src/db/schema/transactions.ts": 1775888605.222297,
  "apps/server/src/db/schema/users.ts": 1775888605.222383,
  "apps/server/src/db/schema/index.ts": 1775888605.2220273,
  "apps/server/src/db/schema/waitlist.ts": 1775888605.2226365,
  "apps/server/src/routes/portfolio.ts": 1775888605.22318,
  "apps/server/src/routes/price-history.ts": 1775888605.2234485,
  "apps/server/src/routes/trading.ts": 1775888605.2235985,
  "apps/server/src/routes/posts.ts": 1775888605.223289,
  "apps/server/src/routes/transactions.ts": 1775888605.2237434,
  "apps/server/src/routes/leaderboard.ts": 1775888605.2230341,
  "apps/server/src/routes/waitlist.ts": 1775888605.223826,
  "apps/server/src/services/dbc.service.ts": 1775888605.2239833,
  "apps/server/src/services/reddit.service.ts": 1775888605.2242675,
  "apps/server/src/services/trading.service.ts": 1775888605.224564,
  "README.md": 1775888605.2195404,
  "CLAUDE.md": 1775892116.8827283
}